name, age, height, weight, BMI, decision
사자라, 96, 167, 86, 30.83653053175087, heavy weight
타카다, 97, 191, 75, 20.558646966914285, normal
카사마, 76, 185, 80, 23.37472607742878, normal
파카나, 72, 160, 65, 25.390624999999996, heavy weight
카라다, 81, 184, 92, 27.173913043478258, heavy weight
카차라, 56, 186, 55, 15.897791652214126, light weight
다다사, 27, 150, 68, 30.22222222222222, heavy weight
나라바, 87, 190, 63, 17.451523545706372, light weight
하라타, 37, 178, 52, 16.41206918318394, light weight
파차타, 80, 153, 61, 26.05835362467427, heavy weight
가하하, 38, 154, 65, 27.40765727778715, heavy weight
나마파, 56, 197, 71, 18.29472545028215, normal
나하가, 20, 186, 76, 21.967857555786793, normal
가라마, 40, 175, 91, 29.714285714285715, heavy weight
차하다, 59, 178, 67, 21.146319909102385, normal
나마파, 96, 193, 94, 25.235576794007894, heavy weight
차타카, 33, 163, 76, 28.604764951635367, heavy weight
하카가, 58, 169, 63, 22.058051188683873, normal
라하아, 79, 150, 58, 25.77777777777778, heavy weight
마차아, 69, 176, 57, 18.401342975206614, normal
자파카, 88, 175, 50, 16.3265306122449, light weight
하아다, 84, 165, 72, 26.44628099173554, heavy weight
차바파, 45, 160, 57, 22.265624999999996, normal
가하다, 30, 184, 94, 27.764650283553873, heavy weight
카타타, 37, 178, 55, 17.35891932836763, light weight
아가라, 70, 155, 70, 29.1363163371488, heavy weight
나가바, 20, 173, 79, 26.395803401383272, heavy weight
카가가, 21, 189, 82, 22.955684331345708, normal
마바사, 64, 163, 56, 21.077195227520797, normal
가라라, 96, 150, 52, 23.11111111111111, normal
바타자, 21, 177, 84, 26.812218711098343, heavy weight
바바타, 81, 170, 84, 29.065743944636683, heavy weight
마다하, 22, 197, 50, 12.883609472029685, light weight
카카나, 87, 173, 67, 22.386314277122523, normal
가하라, 88, 182, 77, 23.24598478444632, normal
다라가, 96, 162, 51, 19.43301326017375, normal
파라자, 80, 169, 87, 30.461118308182492, heavy weight
마마카, 25, 151, 85, 37.27906670760054, heavy weight
하다타, 34, 194, 88, 23.381868423849507, normal
가라다, 57, 168, 93, 32.95068027210885, heavy weight
하아나, 79, 187, 99, 28.310789556464293, heavy weight
다바아, 87, 166, 51, 18.507766003774133, normal
차하파, 28, 153, 85, 36.31082062454612, heavy weight
라차자, 20, 165, 84, 30.85399449035813, heavy weight
아가아, 46, 175, 52, 16.979591836734695, light weight
바아아, 22, 152, 74, 32.029085872576175, heavy weight
파가마, 53, 183, 56, 16.72190868643435, light weight
카아카, 43, 191, 73, 20.010416381129904, normal
가하자, 87, 153, 65, 27.76709812465291, heavy weight
아자타, 68, 199, 89, 22.474179944950883, normal
다사차, 86, 184, 72, 21.266540642722116, normal
라타마, 98, 150, 83, 36.888888888888886, heavy weight
마파차, 58, 181, 67, 20.45114617990904, normal
타가타, 99, 177, 63, 20.109164033323754, normal
다차바, 94, 167, 52, 18.645344042454013, normal
자하아, 98, 184, 96, 28.35538752362949, heavy weight
다아바, 87, 157, 56, 22.7189744005842, normal
마바자, 59, 158, 60, 24.034609838166958, normal
아하바, 23, 176, 51, 16.464359504132233, light weight
가자카, 33, 181, 75, 22.89307408198773, normal
차바나, 81, 157, 57, 23.124670372023203, normal
아카바, 89, 153, 51, 21.78649237472767, normal
하자카, 65, 151, 54, 23.683171790710933, normal
사파다, 71, 188, 90, 25.46401086464464, heavy weight
자자아, 43, 194, 86, 22.85046232330747, normal
하아라, 89, 166, 72, 26.1286108288576, heavy weight
다나가, 48, 172, 95, 32.11195240670633, heavy weight
사바마, 48, 158, 61, 24.435186668803073, normal
라아차, 60, 153, 67, 28.621470374642232, heavy weight
나카차, 40, 156, 75, 30.818540433925047, heavy weight
바타나, 59, 196, 53, 13.796334860474804, light weight
사파라, 61, 190, 84, 23.26869806094183, normal
다파다, 46, 157, 82, 33.26706965799829, heavy weight
아파사, 24, 193, 63, 16.91320572364359, light weight
파가카, 91, 195, 79, 20.77580539119001, normal
카라라, 26, 180, 82, 25.30864197530864, heavy weight
바바파, 79, 197, 60, 15.46033136643562, light weight
사마나, 33, 173, 57, 19.045073340238563, normal
마마자, 84, 169, 64, 22.40817898532965, normal
아파카, 56, 154, 53, 22.34778208804183, normal
사바다, 28, 175, 92, 30.040816326530614, heavy weight
자라나, 52, 172, 76, 25.689561925365066, heavy weight
자아마, 72, 179, 60, 18.726007303142847, normal
타타마, 71, 151, 69, 30.26183062146397, heavy weight
차파하, 77, 166, 63, 22.8625344752504, normal
마다바, 44, 192, 71, 19.25998263888889, normal
바차나, 72, 175, 76, 24.816326530612244, normal
하나자, 83, 189, 65, 18.19657904313989, normal
바마자, 98, 159, 82, 32.4354258138523, heavy weight
마카가, 91, 175, 71, 23.183673469387756, normal
자타자, 57, 191, 80, 21.929223431375238, normal
파라사, 57, 199, 54, 13.636019292442109, light weight
나아라, 39, 199, 75, 18.938915683947375, normal
아카사, 41, 168, 56, 19.841269841269845, normal
파파다, 62, 179, 93, 29.025311319871417, heavy weight
마차차, 90, 181, 69, 21.06162815542871, normal
자하라, 80, 183, 50, 14.930275612887812, light weight
아차사, 30, 190, 55, 15.235457063711912, light weight
마사카, 41, 193, 79, 21.20862305028323, normal
하카사, 23, 187, 56, 16.014183991535358, light weight
다하아, 56, 174, 60, 19.817677368212443, normal
가마마, 51, 181, 58, 17.70397729007051, light weight
가차라, 59, 195, 57, 14.990138067061144, light weight
파나카, 59, 195, 91, 23.931623931623932, normal
카하하, 28, 176, 75, 24.212293388429753, normal
사자아, 34, 154, 60, 25.2993759487266, heavy weight
타하사, 52, 155, 78, 32.46618106139438, heavy weight
다라자, 65, 150, 74, 32.888888888888886, heavy weight
카하가, 63, 159, 67, 26.502116213757365, heavy weight
타나라, 50, 168, 81, 28.69897959183674, heavy weight
카파타, 24, 170, 71, 24.56747404844291, normal
하바아, 71, 195, 80, 21.038790269559502, normal
가다바, 72, 158, 59, 23.634033007530842, normal
다파차, 67, 174, 79, 26.09327520147972, heavy weight
카가가, 77, 185, 96, 28.04967129291453, heavy weight
나파다, 62, 198, 90, 22.95684113865932, normal
파나타, 96, 181, 57, 17.398736302310674, light weight
바라마, 77, 187, 99, 28.310789556464293, heavy weight
나다차, 30, 150, 54, 24.0, normal
사파아, 46, 170, 77, 26.643598615916957, heavy weight
라나자, 77, 171, 74, 25.3069320474676, heavy weight
차자파, 92, 196, 60, 15.618492294877136, light weight
하파마, 65, 186, 65, 18.78829922534397, normal
마타라, 39, 194, 76, 20.1934318205973, normal
가자타, 91, 168, 63, 22.321428571428577, normal
파마타, 76, 183, 64, 19.1107527844964, normal
가자자, 50, 196, 88, 22.907122032486466, normal
가하다, 69, 193, 87, 23.35633171360305, normal
자바가, 41, 166, 60, 21.773842357381334, normal
차사라, 63, 162, 81, 30.864197530864192, heavy weight
사라자, 98, 159, 82, 32.4354258138523, heavy weight
자하타, 45, 156, 55, 22.600262984878366, normal
나아다, 24, 164, 50, 18.590124925639504, normal
다라가, 93, 169, 77, 26.959840341724732, heavy weight
가차타, 22, 196, 54, 14.056643065389423, light weight
마나나, 28, 150, 72, 32.0, heavy weight
가다다, 57, 166, 93, 33.74945565394107, heavy weight
나하아, 43, 197, 98, 25.25187456517818, heavy weight
차나바, 80, 185, 62, 18.115412710007302, normal
라사라, 72, 172, 66, 22.30935640886966, normal
자가타, 80, 166, 60, 21.773842357381334, normal
다자차, 81, 157, 97, 39.35250922958335, heavy weight
하라자, 49, 182, 51, 15.396691220867044, light weight
차라마, 21, 160, 76, 29.687499999999993, heavy weight
바라타, 23, 169, 74, 25.909456951787405, heavy weight
가라라, 72, 151, 88, 38.59479847375115, heavy weight
타나하, 47, 177, 83, 26.493025631204315, heavy weight
가바차, 31, 181, 53, 16.17777235127133, light weight
나바차, 38, 155, 91, 37.87721123829344, heavy weight
타하하, 38, 166, 58, 21.04804761213529, normal
차차하, 51, 161, 94, 36.264033023417305, heavy weight
사사타, 89, 170, 76, 26.29757785467128, heavy weight
카타하, 79, 196, 96, 24.989587671803417, normal
다카나, 55, 174, 77, 25.43268595587264, heavy weight
카라타, 49, 158, 87, 34.85018426534209, heavy weight
자사타, 82, 177, 94, 30.00414951003862, heavy weight
파사하, 95, 175, 96, 31.346938775510203, heavy weight
바다아, 56, 194, 62, 16.473589116803062, light weight
카바다, 35, 156, 89, 36.571334648257725, heavy weight
가카가, 37, 164, 62, 23.051754907792983, normal
아라사, 97, 170, 80, 27.68166089965398, heavy weight
라라가, 46, 162, 97, 36.96082914189909, heavy weight
나다타, 83, 169, 63, 22.058051188683873, normal
마파가, 97, 153, 70, 29.903028749626213, heavy weight
파차사, 59, 173, 83, 27.732299776136855, heavy weight
파아자, 88, 178, 84, 26.511804065143288, heavy weight
다나아, 92, 154, 87, 36.68409512565357, heavy weight
파자자, 27, 152, 96, 41.551246537396125, heavy weight
카카타, 41, 160, 99, 38.67187499999999, heavy weight
하차다, 34, 183, 93, 27.77031263997133, heavy weight
하파차, 44, 184, 67, 19.78969754253308, normal
바사카, 47, 153, 66, 28.194284249647573, heavy weight
차바마, 59, 176, 73, 23.56663223140496, normal
카자아, 51, 157, 75, 30.427197857925268, heavy weight
파바다, 22, 150, 62, 27.555555555555557, heavy weight
자파하, 56, 195, 62, 16.305062458908615, light weight
하사나, 56, 169, 71, 24.859073561850078, normal
타라타, 67, 177, 80, 25.53544639152223, heavy weight
하사카, 52, 191, 90, 24.67037636029714, normal
아사자, 87, 150, 96, 42.666666666666664, heavy weight
나자차, 46, 183, 77, 22.99262444384723, normal
나바자, 30, 184, 90, 26.583175803402646, heavy weight
나차타, 40, 160, 69, 26.953124999999996, heavy weight
자카자, 71, 184, 61, 18.017485822306238, normal
나바나, 52, 197, 52, 13.398953850910871, light weight
나사자, 76, 168, 95, 33.6592970521542, heavy weight
마자나, 75, 173, 90, 30.071168431955627, heavy weight
가차카, 20, 189, 51, 14.277315864617453, light weight
다나마, 97, 181, 60, 18.314459265590184, normal
가마마, 59, 188, 73, 20.654142145767317, normal
라카차, 94, 189, 92, 25.755158030290307, heavy weight
카카다, 36, 158, 65, 26.037493991347535, heavy weight
바나타, 88, 156, 65, 26.709401709401707, heavy weight
가다파, 44, 199, 69, 17.423802429231586, light weight
하파파, 93, 166, 83, 30.120481927710845, heavy weight
하가차, 38, 199, 67, 16.918764677659656, light weight
바카마, 93, 178, 70, 22.093170054286073, normal
카아마, 32, 153, 56, 23.92242299970097, normal
파자마, 30, 196, 51, 13.275718450645565, light weight
자하나, 90, 177, 54, 17.236426314277505, light weight
카라바, 27, 193, 87, 23.35633171360305, normal
카하다, 28, 158, 78, 31.244992789617044, heavy weight
차파가, 30, 150, 59, 26.22222222222222, heavy weight
바아카, 70, 158, 83, 33.247876942797625, heavy weight
나하라, 92, 166, 74, 26.854405574103644, heavy weight
파하파, 65, 161, 73, 28.162493730951734, heavy weight
타아바, 59, 181, 93, 28.387411861664784, heavy weight
라파나, 38, 157, 65, 26.370238143535232, heavy weight
라다가, 77, 194, 52, 13.81655861409289, light weight
라나나, 87, 164, 91, 33.834027364663896, heavy weight
자타파, 71, 161, 54, 20.832529609197174, normal
아가바, 52, 187, 88, 25.165146272412706, heavy weight
파타카, 75, 174, 75, 24.772096710265558, normal
타하파, 43, 173, 83, 27.732299776136855, heavy weight
바차아, 88, 160, 81, 31.640624999999993, heavy weight
바바자, 45, 192, 85, 23.057725694444446, normal
라라아, 40, 152, 98, 42.41689750692521, heavy weight
사다나, 99, 165, 60, 22.03856749311295, normal
가마차, 42, 182, 79, 23.849776597029344, normal
사라카, 32, 197, 68, 17.52170888196037, light weight
다가가, 98, 195, 62, 16.305062458908615, light weight
마하차, 20, 199, 74, 18.68639680816141, normal
차나카, 24, 176, 59, 19.047004132231404, normal
사나하, 74, 150, 89, 39.55555555555556, heavy weight
아다라, 87, 182, 69, 20.830817534114235, normal
파자아, 32, 186, 99, 28.61602497398543, heavy weight
사사자, 72, 161, 53, 20.446742023841672, normal
하바나, 80, 175, 61, 19.918367346938776, normal
차라자, 77, 183, 75, 22.395413419331717, normal
아하자, 30, 197, 50, 12.883609472029685, light weight
나아하, 22, 190, 71, 19.667590027700832, normal
하사차, 40, 199, 97, 24.494330951238602, normal
파사사, 70, 168, 86, 30.470521541950117, heavy weight
카타차, 88, 188, 51, 14.42960615663196, light weight
가바라, 87, 165, 82, 30.119375573921033, heavy weight
사가마, 81, 163, 74, 27.85200797922391, heavy weight
자라가, 28, 170, 52, 17.99307958477509, light weight
가바아, 95, 190, 85, 23.545706371191137, normal
사라나, 24, 186, 69, 19.944502254595903, normal
차라바, 37, 182, 68, 20.528921627822726, normal
다다가, 92, 180, 60, 18.51851851851852, normal
카바타, 50, 179, 82, 25.592209980961893, heavy weight
라라타, 62, 168, 78, 27.636054421768712, heavy weight
하라마, 50, 188, 70, 19.805341783612494, normal
카자하, 87, 164, 73, 27.141582391433676, heavy weight
나파타, 88, 185, 76, 22.205989773557338, normal
아하하, 52, 164, 63, 23.423557406305775, normal
타나차, 53, 167, 82, 29.402273297715947, heavy weight
사차마, 30, 167, 98, 35.139302233855645, heavy weight
사사차, 79, 170, 97, 33.564013840830455, heavy weight
다다마, 27, 169, 94, 32.91201288470292, heavy weight
다나파, 23, 163, 71, 26.722872520606725, heavy weight
가하마, 98, 178, 60, 18.93700290367378, normal
나자아, 46, 176, 95, 30.668904958677686, heavy weight
하사파, 97, 190, 68, 18.83656509695291, normal
파카나, 28, 162, 88, 33.53147386069196, heavy weight
바차파, 60, 169, 93, 32.561885088057146, heavy weight
다마아, 20, 165, 80, 29.384756657483933, heavy weight
사다마, 60, 158, 92, 36.85306841852267, heavy weight
차차하, 86, 159, 95, 37.5776274672679, heavy weight
바사타, 25, 190, 50, 13.850415512465375, light weight
아가나, 38, 190, 87, 24.099722991689752, normal
차바마, 25, 160, 85, 33.20312499999999, heavy weight
마카나, 50, 160, 65, 25.390624999999996, heavy weight
카사마, 21, 166, 63, 22.8625344752504, normal
아사마, 93, 166, 94, 34.11235302656409, heavy weight
라하아, 63, 198, 65, 16.579940822365064, light weight
사가카, 36, 154, 55, 23.19109461966605, normal
아나차, 34, 150, 58, 25.77777777777778, heavy weight
아하마, 49, 186, 55, 15.897791652214126, light weight
라사마, 37, 192, 73, 19.80251736111111, normal
라카나, 90, 165, 78, 28.650137741046834, heavy weight
가자라, 93, 165, 74, 27.180899908172638, heavy weight
라타타, 40, 162, 83, 31.626276482243554, heavy weight
가파라, 82, 194, 98, 26.03889892655968, heavy weight
다바파, 91, 165, 75, 27.548209366391188, heavy weight
나마마, 95, 172, 85, 28.73174689021093, heavy weight
카마마, 46, 171, 80, 27.358845456721728, heavy weight
사차파, 54, 157, 92, 37.32402937238833, heavy weight
하나마, 67, 165, 94, 34.527089072543625, heavy weight
타타라, 62, 172, 56, 18.92915089237426, normal
아아카, 63, 186, 78, 22.54595907041276, normal
자라자, 43, 199, 96, 24.24181207545264, normal
바타차, 56, 151, 53, 23.244594535327398, normal
카다바, 39, 162, 83, 31.626276482243554, heavy weight
나카바, 25, 152, 57, 24.67105263157895, normal
다가카, 80, 192, 55, 14.91970486111111, light weight
아나차, 82, 151, 92, 40.349107495285295, heavy weight
마하마, 68, 173, 91, 30.405292525644022, heavy weight
사자가, 38, 176, 70, 22.59814049586777, normal
다사나, 26, 187, 54, 15.442248848980523, light weight
나자하, 95, 193, 55, 14.765497060323767, light weight
아가차, 98, 184, 62, 18.312854442344044, normal
카다자, 85, 184, 84, 24.8109640831758, normal
나자차, 62, 186, 87, 25.14741588622962, heavy weight
다타라, 96, 191, 78, 21.380992845590857, normal
사바아, 76, 198, 54, 13.774104683195592, light weight
자자바, 77, 178, 76, 23.98687034465345, normal
가나사, 86, 186, 92, 26.59266967279454, heavy weight
타파마, 82, 156, 85, 34.927679158448385, heavy weight
다자타, 78, 153, 68, 29.04865649963689, heavy weight
하나하, 20, 151, 51, 22.367440024560327, normal
타카가, 43, 162, 96, 36.579789666209415, heavy weight
가마카, 29, 171, 64, 21.887076365377382, normal
마파나, 81, 189, 71, 19.87626326250665, normal
라카타, 86, 181, 96, 29.303134824944294, heavy weight
가바라, 70, 158, 69, 27.639801313892, heavy weight
아하하, 37, 158, 85, 34.049030604069856, heavy weight
하다나, 78, 195, 91, 23.931623931623932, normal
파마파, 27, 159, 96, 37.97318144060757, heavy weight
카가가, 61, 159, 99, 39.15984336062655, heavy weight
파자하, 39, 199, 54, 13.636019292442109, light weight
라타다, 81, 199, 96, 24.24181207545264, normal
가타바, 94, 167, 54, 19.362472659471475, normal
나파하, 30, 167, 69, 24.740937287102444, normal
사사나, 52, 156, 87, 35.74950690335305, heavy weight
아하아, 42, 170, 94, 32.52595155709343, heavy weight
카차다, 44, 185, 84, 24.543462381300216, normal
타가타, 86, 171, 78, 26.674874320303687, heavy weight
라자다, 24, 164, 85, 31.603212373587155, heavy weight
다파자, 33, 195, 58, 15.253122945430638, light weight
자차차, 36, 199, 59, 14.898613671371935, light weight
바하마, 81, 162, 67, 25.529644871208653, heavy weight
타차자, 94, 195, 72, 18.93491124260355, normal
자사타, 20, 195, 88, 23.14266929651545, normal
자마하, 48, 160, 91, 35.54687499999999, heavy weight
마바가, 22, 197, 78, 20.098430776366307, normal
나바파, 23, 189, 52, 14.557263234511913, light weight
마바아, 94, 189, 67, 18.75647378292881, normal
다파파, 70, 177, 71, 22.66270867247598, normal
사하가, 26, 166, 84, 30.48337930033387, heavy weight
바가다, 37, 185, 94, 27.465303140978815, heavy weight
바바바, 99, 175, 84, 27.428571428571427, heavy weight
나다라, 52, 191, 82, 22.47745401715962, normal
차자라, 38, 153, 94, 40.15549574949806, heavy weight
파마차, 21, 162, 98, 37.34186861758877, heavy weight
자사아, 34, 154, 57, 24.034407151290267, normal
가라라, 63, 192, 55, 14.91970486111111, light weight
아차하, 53, 183, 93, 27.77031263997133, heavy weight
라가하, 68, 171, 91, 31.120686707020965, heavy weight
라차카, 32, 181, 85, 25.94548395958609, heavy weight
나자자, 83, 194, 95, 25.241789775746625, heavy weight
아가다, 44, 198, 62, 15.814712784409755, light weight
카나나, 63, 195, 95, 24.983563445101908, normal
바바마, 31, 185, 60, 17.531044558071585, light weight
차카바, 75, 197, 81, 20.87144734468809, normal
바타파, 40, 193, 87, 23.35633171360305, normal
아아파, 48, 196, 53, 13.796334860474804, light weight
차다타, 30, 165, 81, 29.752066115702483, heavy weight
타바타, 50, 174, 57, 18.826793499801823, normal
차라타, 28, 178, 67, 21.146319909102385, normal
파차나, 27, 162, 81, 30.864197530864192, heavy weight
파아하, 27, 158, 86, 34.449607434705975, heavy weight
라가사, 50, 186, 86, 24.858365128916635, normal
사타하, 58, 180, 92, 28.39506172839506, heavy weight
타가바, 74, 197, 76, 19.58308639748512, normal
하바나, 54, 174, 61, 20.147971991015986, normal
마바마, 34, 184, 81, 23.92485822306238, normal
카하다, 65, 188, 62, 17.54187415119964, light weight
아사하, 53, 179, 56, 17.477606816266658, light weight
가차바, 67, 179, 54, 16.853406572828565, light weight
사나타, 78, 183, 94, 28.068918152229088, heavy weight
하라자, 68, 175, 59, 19.26530612244898, normal
카하마, 72, 187, 95, 27.166919271354622, heavy weight
자아라, 97, 160, 60, 23.437499999999996, normal
카파마, 94, 198, 92, 23.46699316396286, normal
다하사, 25, 191, 74, 20.284531674022094, normal
사차나, 33, 188, 74, 20.937075599818925, normal
타자마, 46, 153, 68, 29.04865649963689, heavy weight
아마라, 67, 153, 56, 23.92242299970097, normal
카타라, 60, 169, 64, 22.40817898532965, normal
차라차, 66, 189, 51, 14.277315864617453, light weight
다바자, 87, 168, 95, 33.6592970521542, heavy weight
사가아, 38, 176, 72, 23.243801652892564, normal
다사파, 82, 184, 61, 18.017485822306238, normal
마마자, 44, 177, 57, 18.194005553959588, normal
가마카, 52, 172, 91, 30.75987020010817, heavy weight
타가라, 92, 183, 74, 22.096807907073963, normal
나카사, 49, 184, 78, 23.03875236294896, normal
가아다, 96, 156, 56, 23.011176857330703, normal
파타하, 54, 165, 85, 31.22130394857668, heavy weight
카파사, 53, 178, 81, 25.5649539199596, heavy weight
다자아, 24, 175, 54, 17.632653061224488, light weight
자타라, 71, 182, 60, 18.11375437749064, normal
아차하, 83, 175, 73, 23.836734693877553, normal
아사라, 57, 154, 58, 24.456063417102378, normal
사마자, 38, 181, 52, 15.872531363511492, light weight
아다자, 77, 173, 50, 16.70620468441979, light weight
가파바, 53, 185, 77, 22.498173849525198, normal
사하마, 89, 194, 68, 18.067807418429165, normal
나나라, 54, 164, 73, 27.141582391433676, heavy weight
가차자, 38, 181, 52, 15.872531363511492, light weight
카타자, 71, 162, 70, 26.672763298277697, heavy weight
카나하, 95, 170, 51, 17.647058823529413, light weight
하라타, 35, 152, 64, 27.700831024930746, heavy weight
가가파, 78, 189, 96, 26.874947509868147, heavy weight
자사차, 34, 190, 67, 18.559556786703602, normal
라가하, 33, 152, 53, 22.939750692520775, normal
타파바, 89, 167, 69, 24.740937287102444, normal
라아자, 43, 150, 50, 22.22222222222222, normal
바아아, 45, 164, 92, 34.20582986317669, heavy weight
파타카, 48, 170, 85, 29.411764705882355, heavy weight
라마다, 53, 175, 99, 32.326530612244895, heavy weight
사카차, 21, 151, 60, 26.314635323012148, heavy weight
나차가, 80, 194, 84, 22.31905622276544, normal
아사파, 70, 193, 57, 15.302424226153724, light weight
파하타, 26, 172, 95, 32.11195240670633, heavy weight
바파하, 73, 174, 54, 17.8359096313912, light weight
차아사, 76, 188, 80, 22.634676324128566, normal
하카다, 26, 197, 95, 24.478857996856398, normal
파차아, 72, 156, 90, 36.98224852071006, heavy weight
마아자, 72, 171, 95, 32.488628979857054, heavy weight
나타바, 88, 182, 66, 19.925129815239703, normal
아사사, 35, 189, 67, 18.75647378292881, normal
사바가, 59, 176, 93, 30.023243801652892, heavy weight
라다카, 81, 158, 92, 36.85306841852267, heavy weight
다파자, 93, 185, 52, 15.193571950328705, light weight
타하나, 75, 174, 99, 32.69916765755053, heavy weight
마파차, 76, 188, 88, 24.898143956541425, normal
하타마, 74, 155, 72, 29.968782518210194, heavy weight
자바바, 66, 188, 80, 22.634676324128566, normal
파타파, 63, 191, 87, 23.84803048162057, normal
다가아, 74, 185, 63, 18.407596785975162, normal
나타카, 30, 171, 69, 23.59700420642249, normal
사가하, 25, 152, 71, 30.730609418282548, heavy weight
다타카, 41, 194, 88, 23.381868423849507, normal
사나카, 49, 150, 65, 28.88888888888889, heavy weight
가카다, 71, 185, 86, 25.127830533235937, heavy weight
라카차, 72, 185, 87, 25.420014609203797, heavy weight
가바다, 89, 168, 79, 27.99036281179139, heavy weight
마바차, 61, 152, 81, 35.05886426592798, heavy weight
타타차, 65, 189, 81, 22.67573696145125, normal
하마타, 36, 170, 66, 22.837370242214536, normal
마파자, 88, 158, 92, 36.85306841852267, heavy weight
바가다, 36, 170, 75, 25.95155709342561, heavy weight
카아나, 73, 155, 63, 26.22268470343392, heavy weight
타다마, 96, 194, 87, 23.11616537357849, normal
라가다, 80, 166, 78, 28.305995064595734, heavy weight
나다라, 95, 150, 57, 25.333333333333332, heavy weight
자마라, 20, 171, 72, 24.622960911049557, normal
나파카, 20, 170, 94, 32.52595155709343, heavy weight
자하라, 21, 189, 67, 18.75647378292881, normal
바아아, 87, 199, 82, 20.70654781444913, normal
카마파, 31, 183, 90, 26.874496103198062, heavy weight
바사파, 35, 151, 85, 37.27906670760054, heavy weight
다라나, 33, 186, 97, 28.037923459359458, heavy weight
마라아, 28, 164, 56, 20.820939916716245, normal
나자바, 56, 196, 97, 25.249895876718035, heavy weight
가카아, 73, 175, 93, 30.367346938775512, heavy weight
하마아, 81, 156, 53, 21.7784352399737, normal
아파파, 81, 161, 69, 26.61934338952972, heavy weight
카차카, 50, 160, 56, 21.874999999999996, normal
가자마, 73, 194, 58, 15.410776915718992, light weight
다나자, 70, 152, 81, 35.05886426592798, heavy weight
차차자, 21, 180, 91, 28.086419753086417, heavy weight
타타마, 64, 161, 88, 33.94930751128428, heavy weight
자차가, 64, 194, 53, 14.082261664363907, light weight
아다카, 59, 163, 56, 21.077195227520797, normal
사가마, 74, 181, 94, 28.692652849424622, heavy weight
나자나, 81, 195, 69, 18.14595660749507, normal
카마차, 42, 188, 84, 23.766410140334994, normal
마바나, 67, 167, 50, 17.92821542543655, light weight
아바다, 65, 196, 71, 18.481882548937943, normal
자카카, 24, 161, 61, 23.533042706685695, normal
가사가, 77, 184, 98, 28.946124763705104, heavy weight
마파가, 83, 153, 53, 22.64086462471699, normal
차하파, 64, 179, 99, 30.8979120501857, heavy weight
자마마, 38, 189, 67, 18.75647378292881, normal
아아파, 65, 189, 91, 25.475210660395845, heavy weight
다가차, 28, 179, 96, 29.961611685028558, heavy weight
사하하, 23, 169, 91, 31.861629494765594, heavy weight
다다나, 56, 193, 78, 20.940159467368254, normal
파바라, 56, 179, 71, 22.15910864205237, normal
타마가, 74, 178, 76, 23.98687034465345, normal
차나차, 54, 186, 74, 21.389756041160826, normal
하사하, 55, 184, 75, 22.152646502835537, normal
다아타, 45, 196, 93, 24.20866305705956, normal
사파차, 92, 189, 54, 15.117157974300833, light weight
마차차, 49, 191, 66, 18.09160933088457, normal
차타나, 79, 184, 75, 22.152646502835537, normal
다바가, 52, 189, 94, 26.315052770079227, heavy weight
타아가, 65, 184, 56, 16.5406427221172, light weight
가하다, 25, 194, 81, 21.521947071952386, normal
하가라, 43, 168, 53, 18.77834467120182, normal
하자다, 53, 180, 79, 24.382716049382715, normal
카나카, 42, 172, 69, 23.323418063818284, normal
차카나, 97, 161, 55, 21.218317194552675, normal
자라사, 65, 157, 96, 38.946813258144346, heavy weight
카파타, 98, 174, 87, 28.735632183908045, heavy weight
다카바, 63, 166, 83, 30.120481927710845, heavy weight
가바하, 96, 177, 53, 16.917233234383477, light weight
카파가, 86, 168, 56, 19.841269841269845, normal
라카파, 62, 181, 67, 20.45114617990904, normal
마카바, 20, 192, 67, 18.174913194444446, normal
다나나, 32, 159, 58, 22.942130453700404, normal
아카아, 62, 163, 67, 25.21735857578381, heavy weight
마카라, 68, 157, 60, 24.341758286340216, normal
파가카, 91, 167, 96, 34.42217361683818, heavy weight
차카파, 73, 157, 92, 37.32402937238833, heavy weight
마카아, 74, 198, 51, 13.008876645240282, light weight
아사아, 23, 150, 99, 44.0, heavy weight
사아타, 41, 165, 85, 31.22130394857668, heavy weight
자파나, 52, 191, 81, 22.20333872426743, normal
바타차, 46, 187, 81, 23.163373273470786, normal
바차가, 59, 195, 80, 21.038790269559502, normal
마라차, 33, 154, 79, 33.310844999156686, heavy weight
차아사, 41, 167, 68, 24.38237297859371, normal
카라마, 56, 181, 53, 16.17777235127133, light weight
라타파, 73, 167, 81, 29.043708989207214, heavy weight
타타하, 81, 194, 57, 15.145073865447976, light weight
다타마, 62, 181, 95, 28.997893837184456, heavy weight
라가카, 68, 156, 95, 39.036817882971725, heavy weight
파자나, 72, 187, 92, 26.309016557522373, heavy weight
카아하, 91, 188, 69, 19.52240832956089, normal
사사사, 52, 198, 79, 20.15100499948985, normal
타카라, 33, 159, 75, 29.666548000474663, heavy weight
하자카, 57, 154, 97, 40.90065778377467, heavy weight
마자파, 54, 168, 51, 18.069727891156464, normal
다차타, 32, 187, 77, 22.019502988361115, normal
자아카, 30, 159, 89, 35.20430362722993, heavy weight
마바파, 79, 171, 73, 24.96494647925858, normal
하하가, 91, 171, 59, 20.177148524332274, normal
바하자, 93, 156, 71, 29.17488494411571, heavy weight
나아바, 81, 179, 56, 17.477606816266658, light weight
파하자, 95, 165, 85, 31.22130394857668, heavy weight
다가아, 44, 172, 67, 22.647376960519203, normal
다다나, 66, 198, 92, 23.46699316396286, normal
마마아, 88, 158, 72, 28.841531805800347, heavy weight
마자다, 21, 197, 72, 18.552397639722745, normal
가마다, 78, 181, 56, 17.09349531455084, light weight
마마다, 45, 180, 51, 15.74074074074074, light weight
파하나, 51, 161, 66, 25.461980633463213, heavy weight
타사아, 80, 189, 51, 14.277315864617453, light weight
나바파, 97, 195, 72, 18.93491124260355, normal
타하라, 45, 156, 80, 32.87310979618672, heavy weight
나다가, 32, 177, 68, 21.705129432793896, normal
마아라, 77, 159, 82, 32.4354258138523, heavy weight
파마다, 96, 185, 72, 21.0372534696859, normal
카나사, 74, 175, 99, 32.326530612244895, heavy weight
나파다, 57, 166, 77, 27.94309769197271, heavy weight
타나아, 26, 193, 82, 22.014013799028163, normal
나하하, 35, 181, 99, 30.218857788223804, heavy weight
파사사, 89, 180, 66, 20.37037037037037, normal
하바라, 59, 179, 67, 20.91070815517618, normal
자다카, 42, 187, 56, 16.014183991535358, light weight
라자타, 51, 193, 79, 21.20862305028323, normal
라다타, 31, 168, 75, 26.573129251700685, heavy weight
차타사, 39, 199, 74, 18.68639680816141, normal
아다바, 72, 162, 83, 31.626276482243554, heavy weight
파마마, 42, 156, 75, 30.818540433925047, heavy weight
다나차, 67, 185, 59, 17.238860482103725, light weight
파바카, 95, 183, 99, 29.56194571351787, heavy weight
마가자, 80, 182, 86, 25.963047941069917, heavy weight
차파가, 23, 191, 61, 16.721032866423617, light weight
아자라, 74, 188, 76, 21.50294250792214, normal
바나바, 38, 173, 98, 32.74416118146279, heavy weight
마나아, 52, 154, 66, 27.82931354359926, heavy weight
사나차, 25, 160, 97, 37.89062499999999, heavy weight
카자다, 82, 160, 76, 29.687499999999993, heavy weight
타타타, 87, 155, 82, 34.131113423517164, heavy weight
자타사, 76, 158, 86, 34.449607434705975, heavy weight
파아자, 21, 162, 75, 28.577960676726104, heavy weight
파카아, 25, 185, 70, 20.45288531775018, normal
하마파, 55, 150, 64, 28.444444444444443, heavy weight
파사바, 63, 164, 58, 21.564544913741823, normal
아타차, 47, 194, 64, 17.004995217345098, light weight
자파아, 87, 179, 73, 22.783308885490467, normal
타차마, 85, 189, 99, 27.714789619551524, heavy weight
타다파, 83, 151, 79, 34.64760317529933, heavy weight
사가가, 79, 168, 74, 26.218820861678008, heavy weight
차타타, 82, 174, 92, 30.38710529792575, heavy weight
라마나, 44, 167, 92, 32.987916382803256, heavy weight
마파사, 86, 195, 88, 23.14266929651545, normal
하다파, 63, 175, 61, 19.918367346938776, normal
차자파, 62, 193, 62, 16.64474214072861, light weight
바차차, 36, 192, 55, 14.91970486111111, light weight
나타카, 71, 154, 64, 26.986001011975038, heavy weight
마차자, 22, 184, 88, 25.99243856332703, heavy weight
하나타, 39, 185, 51, 14.901387874360847, light weight
사파차, 95, 165, 55, 20.202020202020204, normal
타다가, 58, 187, 75, 21.447567845806283, normal
다마아, 33, 167, 92, 32.987916382803256, heavy weight
아아차, 74, 195, 50, 13.149243918474689, light weight
타파가, 68, 165, 83, 30.48668503213958, heavy weight
아가카, 91, 180, 77, 23.76543209876543, normal
마나사, 34, 177, 71, 22.66270867247598, normal
타사하, 44, 197, 61, 15.718003555876214, light weight
카하하, 21, 183, 73, 21.798202394816204, normal
바카다, 74, 186, 93, 26.881720430107524, heavy weight
다카나, 34, 174, 71, 23.450918219051392, normal
차하자, 26, 179, 81, 25.280109859242845, heavy weight
다파타, 66, 158, 88, 35.250761095978206, heavy weight
가마타, 97, 171, 58, 19.835162956123252, normal
사가파, 39, 171, 77, 26.332888752094664, heavy weight
다차하, 86, 153, 56, 23.92242299970097, normal
마가바, 33, 182, 63, 19.01944209636517, normal
파라나, 67, 196, 50, 13.015410245730946, light weight
다카파, 66, 161, 58, 22.375679950619187, normal
자나자, 54, 150, 82, 36.44444444444444, heavy weight
가하하, 67, 192, 60, 16.276041666666668, light weight
바타카, 59, 168, 81, 28.69897959183674, heavy weight
가라바, 74, 150, 52, 23.11111111111111, normal
하가라, 35, 187, 66, 18.873859704309528, normal
라마사, 85, 170, 76, 26.29757785467128, heavy weight
라나차, 76, 165, 59, 21.6712580348944, normal
라차라, 57, 177, 96, 30.642535669826675, heavy weight
카사하, 77, 170, 93, 32.17993079584775, heavy weight
사타하, 99, 182, 66, 19.925129815239703, normal
마나다, 57, 169, 73, 25.55932915514163, heavy weight
마카타, 43, 186, 87, 25.14741588622962, heavy weight
바자하, 65, 179, 80, 24.968009737523797, normal
아나마, 76, 168, 72, 25.510204081632658, heavy weight
바차자, 41, 164, 87, 32.34681737061273, heavy weight
나파사, 77, 167, 65, 23.306680053067517, normal
아자아, 50, 158, 92, 36.85306841852267, heavy weight
아아타, 35, 171, 60, 20.519134092541297, normal
하차카, 53, 194, 91, 24.178977574662557, normal
카자바, 23, 161, 88, 33.94930751128428, heavy weight
라사차, 98, 157, 57, 23.124670372023203, normal
사아타, 42, 180, 91, 28.086419753086417, heavy weight
차라가, 31, 190, 83, 22.991689750692522, normal
하카하, 50, 176, 89, 28.731921487603305, heavy weight
라카바, 46, 194, 57, 15.145073865447976, light weight
마가바, 64, 195, 81, 21.301775147928996, normal
타타하, 69, 158, 89, 35.65133792661432, heavy weight
자라파, 90, 163, 79, 29.733900410252552, heavy weight
자사파, 94, 160, 80, 31.249999999999993, heavy weight
라타아, 95, 191, 80, 21.929223431375238, normal
바마마, 23, 191, 93, 25.492722238973712, heavy weight
차하마, 36, 178, 83, 26.19618735008206, heavy weight
라나파, 90, 176, 86, 27.763429752066116, heavy weight
가마하, 69, 181, 71, 21.672110130948383, normal
아가차, 38, 165, 86, 31.58861340679523, heavy weight
나라타, 55, 192, 68, 18.446180555555557, normal
파라하, 23, 171, 73, 24.96494647925858, normal
카마파, 38, 194, 75, 19.927728770326283, normal
다나마, 96, 181, 98, 29.913616800463966, heavy weight
아다바, 77, 152, 63, 27.268005540166204, heavy weight
카사자, 86, 174, 61, 20.147971991015986, normal
자가가, 37, 164, 85, 31.603212373587155, heavy weight
사하마, 93, 179, 77, 24.031709372366656, normal
라파타, 57, 155, 97, 40.37460978147762, heavy weight
자사마, 39, 161, 65, 25.076193048107708, heavy weight
나가하, 40, 194, 67, 17.802104368158147, light weight
아다마, 47, 176, 62, 20.015495867768596, normal
타아라, 43, 155, 54, 22.476586888657646, normal
아타마, 59, 158, 64, 25.63691716071142, heavy weight
아아가, 35, 156, 57, 23.422090729783037, normal
사라카, 90, 179, 87, 27.15271058955713, heavy weight
사자마, 69, 196, 78, 20.304039983340278, normal
차바파, 96, 173, 86, 28.734672057202044, heavy weight
차아다, 89, 194, 52, 13.81655861409289, light weight
차바하, 86, 154, 96, 40.47900151796256, heavy weight
아타바, 71, 195, 80, 21.038790269559502, normal
다차나, 37, 158, 83, 33.247876942797625, heavy weight
가파아, 49, 184, 83, 24.515595463137995, normal
사파자, 95, 193, 51, 13.691642728663858, light weight
카마파, 59, 197, 52, 13.398953850910871, light weight
하타바, 95, 170, 56, 19.377162629757787, normal
아나차, 25, 165, 72, 26.44628099173554, heavy weight
바마타, 79, 191, 99, 27.137413996326856, heavy weight
하자가, 67, 185, 68, 19.86851716581446, normal
차타파, 70, 187, 70, 20.0177299894192, normal
라아카, 51, 188, 98, 27.727478497057493, heavy weight
카차사, 97, 173, 55, 18.376825152861773, normal
아자하, 75, 191, 91, 24.94449165318933, normal
가하타, 84, 193, 55, 14.765497060323767, light weight
바차파, 24, 194, 50, 13.285152513550857, light weight
자하카, 80, 162, 99, 37.722908093278456, heavy weight
바파타, 89, 178, 95, 29.983587930816814, heavy weight
파카하, 84, 187, 84, 24.021275987303035, normal
차사자, 54, 166, 55, 19.959355494266223, normal
다카라, 88, 183, 79, 23.589835468362743, normal
다차바, 50, 176, 72, 23.243801652892564, normal
사차라, 26, 168, 54, 19.13265306122449, normal
라다자, 28, 166, 51, 18.507766003774133, normal
라아파, 49, 188, 93, 26.312811226799457, heavy weight
가사아, 28, 190, 91, 25.207756232686982, heavy weight
카바바, 59, 161, 85, 32.79194475521777, heavy weight
마라차, 82, 167, 56, 20.07960127648894, normal
라라아, 40, 193, 78, 20.940159467368254, normal
카바하, 50, 192, 56, 15.190972222222223, light weight
나나차, 50, 158, 98, 39.25652940233936, heavy weight
파파자, 64, 176, 70, 22.59814049586777, normal
하마가, 87, 175, 95, 31.020408163265305, heavy weight
자차하, 34, 191, 66, 18.09160933088457, normal
사바타, 45, 175, 88, 28.73469387755102, heavy weight
바나아, 59, 170, 96, 33.21799307958478, heavy weight
차나사, 67, 164, 96, 35.693039857227845, heavy weight
마나라, 40, 194, 68, 18.067807418429165, normal
가사파, 82, 178, 58, 18.30576947355132, normal
마차아, 58, 159, 59, 23.337684427040067, normal
다자하, 87, 154, 96, 40.47900151796256, heavy weight
차바마, 61, 172, 64, 21.63331530557058, normal
자차사, 62, 171, 74, 25.3069320474676, heavy weight
자카자, 83, 170, 83, 28.719723183391007, heavy weight
라다가, 44, 168, 62, 21.9671201814059, normal
자가타, 99, 171, 56, 19.15119181970521, normal
가가다, 67, 153, 85, 36.31082062454612, heavy weight
자다아, 62, 158, 89, 35.65133792661432, heavy weight
차파파, 78, 167, 98, 35.139302233855645, heavy weight
자가마, 79, 165, 65, 23.875114784205696, normal
라파차, 40, 183, 87, 25.97867956642479, heavy weight
자카아, 23, 153, 52, 22.21367849972233, normal
아아파, 30, 180, 55, 16.975308641975307, light weight
사바아, 54, 181, 86, 26.25072494734593, heavy weight
자나바, 59, 179, 65, 20.286507911738084, normal
아차사, 57, 160, 70, 27.343749999999996, heavy weight
카다아, 87, 171, 55, 18.80920625149619, normal
자나가, 80, 169, 87, 30.461118308182492, heavy weight
다사파, 42, 165, 82, 30.119375573921033, heavy weight
아카차, 32, 153, 62, 26.48553974966893, heavy weight
사카마, 76, 185, 82, 23.959094229364496, normal
다자타, 81, 185, 68, 19.86851716581446, normal
다가사, 88, 166, 95, 34.47525039918711, heavy weight
차나다, 46, 187, 88, 25.165146272412706, heavy weight
바카카, 87, 150, 56, 24.88888888888889, normal
파하카, 34, 151, 58, 25.437480812245077, heavy weight
하차가, 46, 174, 96, 31.708283789139912, heavy weight
바아타, 99, 177, 94, 30.00414951003862, heavy weight
가카카, 97, 157, 87, 35.295549515193315, heavy weight
마아아, 56, 163, 83, 31.239414355075468, heavy weight
카라가, 42, 195, 82, 21.56476002629849, normal
카자타, 25, 189, 87, 24.355421180818006, normal
파하나, 84, 165, 81, 29.752066115702483, heavy weight
차아라, 27, 174, 86, 28.405337561104506, heavy weight
가파다, 57, 150, 95, 42.22222222222222, heavy weight
바카바, 41, 181, 70, 21.36686914318855, normal
사자타, 73, 157, 63, 25.558846200657225, heavy weight
타나카, 40, 180, 52, 16.049382716049383, light weight
아마하, 63, 198, 65, 16.579940822365064, light weight
파다다, 61, 195, 96, 25.2465483234714, heavy weight
카파타, 41, 177, 54, 17.236426314277505, light weight
나아바, 93, 180, 66, 20.37037037037037, normal
파나다, 64, 151, 54, 23.683171790710933, normal
나타나, 84, 186, 91, 26.303618915481554, heavy weight
하차가, 29, 165, 99, 36.36363636363637, heavy weight
사타파, 95, 187, 77, 22.019502988361115, normal
바차사, 28, 183, 56, 16.72190868643435, light weight
파자자, 68, 199, 89, 22.474179944950883, normal
하타아, 56, 167, 82, 29.402273297715947, heavy weight
타라아, 55, 163, 92, 34.62682073092702, heavy weight
라사자, 33, 163, 50, 18.818924310286427, normal
자사나, 87, 197, 75, 19.325414208044524, normal
마나자, 20, 187, 95, 27.166919271354622, heavy weight
카차파, 57, 181, 81, 24.724520008546747, normal
카가바, 39, 158, 59, 23.634033007530842, normal
파아타, 97, 161, 88, 33.94930751128428, heavy weight
자마바, 93, 163, 54, 20.32443825510934, normal
아자사, 67, 173, 78, 26.061679307694877, heavy weight
가타카, 64, 150, 72, 32.0, heavy weight
자가타, 58, 164, 98, 36.43664485425343, heavy weight
가카아, 71, 187, 56, 16.014183991535358, light weight
차파카, 68, 165, 57, 20.936639118457304, normal
라타파, 99, 153, 67, 28.621470374642232, heavy weight
마타나, 57, 163, 63, 23.711844630960897, normal
마차자, 73, 181, 51, 15.567290375751655, light weight
하라차, 90, 175, 80, 26.122448979591837, heavy weight
타라카, 90, 177, 99, 31.600114909508758, heavy weight
차마파, 56, 193, 77, 20.671695884453275, normal
마라다, 37, 199, 69, 17.423802429231586, light weight
다파가, 49, 197, 76, 19.58308639748512, normal
나라차, 47, 196, 82, 21.345272802998753, normal
하라마, 95, 198, 98, 24.997449239873482, normal
파파바, 25, 151, 53, 23.244594535327398, normal
자아하, 35, 189, 55, 15.397105344195293, light weight
마하가, 36, 150, 71, 31.555555555555557, heavy weight
아나라, 67, 165, 74, 27.180899908172638, heavy weight
타파아, 52, 179, 63, 19.66230766829999, normal
타사가, 61, 172, 96, 32.44997295835587, heavy weight
마라아, 55, 169, 73, 25.55932915514163, heavy weight
마하타, 61, 152, 75, 32.46191135734072, heavy weight
파다사, 55, 183, 50, 14.930275612887812, light weight
다다아, 43, 168, 76, 26.92743764172336, heavy weight
마사바, 91, 197, 83, 21.386791723569274, normal
파아파, 35, 170, 91, 31.487889273356405, heavy weight
타가하, 61, 196, 76, 19.78342357351104, normal
라카하, 53, 180, 68, 20.98765432098765, normal
카자하, 82, 198, 78, 19.89592898683808, normal
차파바, 68, 167, 78, 27.968016063681024, heavy weight
라다자, 37, 199, 63, 15.908689174515795, light weight
가다마, 31, 180, 87, 26.85185185185185, heavy weight
아파카, 69, 198, 76, 19.38577696153454, normal
카라가, 24, 190, 94, 26.038781163434905, heavy weight
자자하, 58, 152, 97, 41.98407202216067, heavy weight
자타바, 58, 196, 97, 25.249895876718035, heavy weight
사나타, 79, 176, 66, 21.306818181818183, normal
다라바, 27, 172, 72, 24.337479718766904, normal
타마차, 54, 184, 83, 24.515595463137995, normal
바나라, 85, 164, 85, 31.603212373587155, heavy weight
하자나, 90, 150, 66, 29.333333333333332, heavy weight
차자가, 40, 153, 71, 30.33021487462087, heavy weight
라바바, 37, 161, 61, 23.533042706685695, normal
타바파, 78, 169, 53, 18.556773222226116, normal
타파마, 80, 198, 96, 24.487297214569942, normal
나파자, 60, 167, 67, 24.023808670084982, normal
바차파, 76, 174, 53, 17.50561500858766, light weight
아타바, 99, 175, 94, 30.693877551020407, heavy weight
자라카, 57, 186, 89, 25.725517400855587, heavy weight
카자파, 41, 164, 85, 31.603212373587155, heavy weight
라아바, 80, 168, 64, 22.67573696145125, normal
차파카, 79, 170, 59, 20.41522491349481, normal
하차라, 58, 198, 95, 24.232221201918172, normal
마카아, 63, 166, 90, 32.660763536072004, heavy weight
마하마, 50, 172, 57, 19.2671714440238, normal
가다가, 55, 155, 70, 29.1363163371488, heavy weight
파차타, 98, 185, 93, 27.173119065010955, heavy weight
나라다, 28, 150, 94, 41.77777777777778, heavy weight
자자차, 75, 155, 74, 30.80124869927159, heavy weight
카사가, 25, 190, 94, 26.038781163434905, heavy weight
타가아, 87, 174, 96, 31.708283789139912, heavy weight
타나라, 76, 191, 74, 20.284531674022094, normal
차차파, 70, 195, 97, 25.509533201840895, heavy weight
라하차, 64, 184, 54, 15.949905482041586, light weight
타타차, 84, 152, 93, 40.25277008310249, heavy weight
라나타, 96, 161, 60, 23.147255121330193, normal
가하마, 74, 160, 83, 32.42187499999999, heavy weight
파하카, 65, 187, 90, 25.737081414967538, heavy weight
파마바, 29, 191, 59, 16.17280228063924, light weight
가가나, 72, 171, 92, 31.462672275229988, heavy weight
하다라, 70, 161, 62, 23.9188302920412, normal
하자가, 67, 191, 60, 16.44691757353143, light weight
자나사, 70, 159, 85, 33.62208773387128, heavy weight
차라파, 77, 176, 62, 20.015495867768596, normal
바아파, 94, 182, 59, 17.81185847119913, light weight
바다바, 82, 158, 54, 21.63114885435026, normal
라타가, 46, 178, 57, 17.99015275849009, light weight
파하라, 77, 197, 55, 14.171970419232652, light weight
차자자, 25, 192, 76, 20.616319444444446, normal
차파가, 67, 161, 73, 28.162493730951734, heavy weight
다마사, 46, 180, 97, 29.93827160493827, heavy weight
파타차, 38, 174, 92, 30.38710529792575, heavy weight
다다사, 97, 158, 91, 36.45249158788655, heavy weight
다나타, 78, 157, 69, 27.993022029291247, heavy weight
아라하, 93, 191, 78, 21.380992845590857, normal
나파차, 96, 187, 79, 22.59143813091595, normal
하차나, 42, 157, 64, 25.96454217209623, heavy weight
라가카, 34, 158, 98, 39.25652940233936, heavy weight
차가타, 68, 196, 56, 14.57725947521866, light weight
차타카, 28, 152, 66, 28.566481994459835, heavy weight
하하바, 92, 153, 78, 33.320517749583495, heavy weight
다타하, 39, 161, 79, 30.477219243084754, heavy weight
라나라, 48, 194, 52, 13.81655861409289, light weight
사타나, 46, 185, 81, 23.66691015339664, normal
사다파, 83, 190, 54, 14.958448753462605, light weight
자카차, 93, 191, 79, 21.655108138483047, normal
마자아, 88, 198, 77, 19.64085297418631, normal
차차다, 79, 189, 78, 21.83589485176787, normal
하라다, 95, 172, 79, 26.703623580313685, heavy weight
사파차, 20, 171, 82, 28.042816593139772, heavy weight
라바아, 65, 190, 84, 23.26869806094183, normal
바아바, 75, 164, 79, 29.372397382510414, heavy weight
마차사, 64, 159, 75, 29.666548000474663, heavy weight
파가아, 99, 182, 86, 25.963047941069917, heavy weight
파카나, 26, 195, 65, 17.094017094017094, light weight
다마자, 50, 164, 50, 18.590124925639504, normal
라카가, 31, 152, 73, 31.596260387811633, heavy weight
다하차, 30, 165, 76, 27.915518824609737, heavy weight
카아라, 21, 150, 99, 44.0, heavy weight
타카카, 92, 172, 68, 22.985397512168742, normal
차파차, 91, 156, 80, 32.87310979618672, heavy weight
타아마, 72, 157, 73, 29.61580591504726, heavy weight
마타차, 96, 172, 75, 25.351541373715524, heavy weight
가자사, 43, 176, 58, 18.72417355371901, normal
파다하, 84, 199, 97, 24.494330951238602, normal
차타카, 81, 170, 83, 28.719723183391007, heavy weight
마마다, 28, 167, 56, 20.07960127648894, normal
자아아, 24, 154, 79, 33.310844999156686, heavy weight
마아하, 37, 170, 64, 22.145328719723185, normal
파나라, 35, 173, 70, 23.38868655818771, normal
바자다, 63, 171, 92, 31.462672275229988, heavy weight
자바타, 71, 186, 86, 24.858365128916635, normal
타마하, 75, 164, 71, 26.397977394408095, heavy weight
자하아, 29, 188, 61, 17.25894069714803, light weight
아나파, 32, 178, 71, 22.408786769347305, normal
타자라, 93, 186, 96, 27.748872702046476, heavy weight
바가다, 94, 188, 70, 19.805341783612494, normal
다타나, 69, 199, 51, 12.878462665084214, light weight
차카가, 75, 170, 71, 24.56747404844291, normal
카아아, 98, 195, 52, 13.675213675213676, light weight
마파가, 43, 156, 97, 39.85864562787639, heavy weight
사차사, 56, 185, 79, 23.08254200146092, normal
아마하, 56, 163, 63, 23.711844630960897, normal
아타다, 44, 180, 84, 25.925925925925924, heavy weight
사라나, 67, 156, 59, 24.243918474687703, normal
가사다, 74, 163, 76, 28.604764951635367, heavy weight
다자아, 32, 192, 93, 25.227864583333336, heavy weight
아타마, 61, 197, 74, 19.067742018603933, normal
다다바, 49, 175, 63, 20.571428571428573, normal
나자사, 28, 163, 73, 27.475629493018182, heavy weight
하하가, 34, 150, 61, 27.11111111111111, heavy weight
차하나, 40, 189, 75, 20.99605274208449, normal
아파파, 94, 189, 90, 25.195263290501387, heavy weight
바자하, 91, 150, 65, 28.88888888888889, heavy weight
사나나, 87, 196, 79, 20.564348188254897, normal
카라차, 28, 157, 57, 23.124670372023203, normal
가라마, 95, 196, 58, 15.097875885047898, light weight
자하하, 95, 158, 84, 33.64845377343374, heavy weight
아다나, 51, 199, 83, 20.959066690235094, normal
아라차, 93, 164, 82, 30.487804878048784, heavy weight
마하파, 32, 194, 60, 15.942183016261028, light weight
다자타, 70, 179, 63, 19.66230766829999, normal
카나아, 24, 159, 71, 28.084332107116012, heavy weight
자차차, 91, 165, 88, 32.323232323232325, heavy weight
바자가, 51, 163, 65, 24.46460160337235, normal
카타나, 77, 190, 50, 13.850415512465375, light weight
나파나, 37, 151, 59, 25.876058067628612, heavy weight
파바다, 92, 156, 53, 21.7784352399737, normal
바자파, 22, 179, 86, 26.840610467838083, heavy weight
카타차, 35, 187, 61, 17.444021847922443, light weight
라타차, 26, 179, 93, 29.025311319871417, heavy weight
바아사, 37, 160, 97, 37.89062499999999, heavy weight
바라아, 55, 192, 54, 14.6484375, light weight
타라사, 81, 164, 96, 35.693039857227845, heavy weight
파자마, 91, 164, 82, 30.487804878048784, heavy weight
다자아, 56, 171, 74, 25.3069320474676, heavy weight
자라가, 81, 175, 72, 23.510204081632654, normal
타자다, 44, 170, 81, 28.027681660899656, heavy weight
하아다, 31, 184, 50, 14.768431001890358, light weight
자마라, 21, 167, 81, 29.043708989207214, heavy weight
사다나, 33, 193, 58, 15.5708878090687, light weight
나파나, 53, 194, 55, 14.613667764905943, light weight
하카파, 41, 195, 76, 19.986850756081527, normal
하하라, 75, 183, 74, 22.096807907073963, normal
라타바, 82, 150, 99, 44.0, heavy weight
카자타, 72, 195, 88, 23.14266929651545, normal
아자차, 34, 196, 91, 23.688046647230323, normal
차아다, 79, 162, 75, 28.577960676726104, heavy weight
타차차, 81, 150, 95, 42.22222222222222, heavy weight
마하라, 85, 184, 56, 16.5406427221172, light weight
라라마, 56, 198, 63, 16.069788797061523, light weight
파카하, 50, 173, 53, 17.70857696548498, light weight
파가나, 49, 150, 55, 24.444444444444443, normal
아아나, 48, 156, 74, 30.407626561472714, heavy weight
사자바, 76, 183, 60, 17.916330735465376, light weight
사파파, 85, 195, 59, 15.516107823800132, light weight
나자아, 66, 177, 74, 23.620287912158062, normal
라가다, 57, 156, 62, 25.476660092044707, heavy weight
카자파, 20, 162, 69, 26.291723822588015, heavy weight
라하사, 55, 153, 72, 30.757400999615534, heavy weight
타파나, 79, 165, 60, 22.03856749311295, normal
나하타, 27, 163, 75, 28.228386465429637, heavy weight
아파카, 47, 161, 60, 23.147255121330193, normal
마사마, 94, 194, 95, 25.241789775746625, heavy weight
카타차, 90, 180, 66, 20.37037037037037, normal
하사다, 57, 166, 91, 33.02366090869502, heavy weight
자바가, 88, 186, 60, 17.343045438779047, light weight
바가마, 87, 168, 72, 25.510204081632658, heavy weight
차마자, 37, 196, 93, 24.20866305705956, normal
나다나, 20, 189, 72, 20.15621063240111, normal
파자타, 32, 152, 77, 33.3275623268698, heavy weight
파파차, 35, 194, 81, 21.521947071952386, normal
라사바, 80, 194, 67, 17.802104368158147, light weight
바라아, 85, 193, 92, 24.69864962817794, normal
자자사, 99, 173, 87, 29.06879615089044, heavy weight
카카차, 22, 171, 58, 19.835162956123252, normal
가다다, 71, 185, 56, 16.362308254200144, light weight
파마카, 85, 196, 50, 13.015410245730946, light weight
아바차, 79, 195, 58, 15.253122945430638, light weight
나하바, 80, 199, 66, 16.66624580187369, light weight
바사마, 26, 184, 61, 18.017485822306238, normal
자하차, 23, 193, 67, 17.9870600553035, light weight
바파가, 30, 198, 79, 20.15100499948985, normal
아라카, 29, 190, 77, 21.329639889196677, normal
나사마, 52, 185, 60, 17.531044558071585, light weight
바차다, 56, 173, 56, 18.710949246550168, normal
카파하, 91, 159, 77, 30.457655947153988, heavy weight
라하자, 66, 195, 94, 24.720578566732414, normal
자다하, 32, 171, 84, 28.726787729557817, heavy weight
나다사, 85, 187, 71, 20.303697560696612, normal
타라하, 58, 159, 62, 24.524346347059055, normal
마파가, 45, 177, 87, 27.769797950780426, heavy weight
바사타, 54, 162, 89, 33.91251333638164, heavy weight
카하파, 78, 180, 74, 22.839506172839506, normal
라사라, 24, 191, 90, 24.67037636029714, normal
다나나, 29, 177, 99, 31.600114909508758, heavy weight
다사다, 45, 170, 51, 17.647058823529413, light weight
나파차, 45, 166, 79, 28.668892437218755, heavy weight
아아아, 60, 181, 78, 23.808797045267237, normal
카아파, 76, 159, 60, 23.73323840037973, normal
카마가, 44, 158, 60, 24.034609838166958, normal
차라아, 77, 151, 84, 36.84048945221701, heavy weight
가나아, 31, 181, 85, 25.94548395958609, heavy weight
하카파, 56, 168, 70, 24.801587301587304, normal
자자차, 24, 191, 67, 18.36572462377676, normal
가파사, 36, 157, 80, 32.45567771512029, heavy weight
라나차, 63, 183, 59, 17.617725223207618, light weight
마마바, 84, 178, 92, 29.036737785633125, heavy weight
카사타, 91, 165, 68, 24.977043158861342, normal
가아타, 70, 157, 65, 26.370238143535232, heavy weight
사나파, 29, 173, 82, 27.39817568244846, heavy weight
자사파, 45, 167, 66, 23.66524436157625, normal
차카라, 28, 174, 64, 21.13885585942661, normal
파타하, 82, 156, 96, 39.44773175542406, heavy weight
파타바, 65, 185, 95, 27.757487216946675, heavy weight
바라타, 33, 166, 83, 30.120481927710845, heavy weight
아가가, 37, 168, 74, 26.218820861678008, heavy weight
파라타, 87, 162, 83, 31.626276482243554, heavy weight
파가가, 93, 164, 60, 22.308149910767405, normal
마하라, 57, 186, 74, 21.389756041160826, normal
